<?xml version="1.0"?>
<!DOCTYPE index-page SYSTEM "index.dtd">
<index-page>
<index-name>CBR Tools v2.81</index-name>
  <heading>Component Based Release Tools Guide</heading><anchor name="CBR.index"/>
  <contents>
  		<xref target="CBR.intro">Introduction to the CBR tools</xref>
		<xref target="CBRTerminology.guide">Understanding component release terminology</xref>
		<xref target="CBR_Installation.index">CBR Tools Installation Guide</xref>
		<xref target="CBR_User.index">CBR Tools User Guide</xref>
		<xref target="CBR_Reference.intro">CBR Tools Quick Reference</xref>
	</contents>
</index-page>
