<?xml version="1.0"?>
<!DOCTYPE general-guide-doc SYSTEM "guide.dtd">
<general-guide-doc>
<section><heading>CBR Tools - Quick Reference</heading>
<anchor name="CBR_Reference.intro"/>
<!--<para>Author:   Date  Release: Comment</para>-->
<!--<para>ElisabethM  21Jul2003 </para>-->
<!--<para>Include sections of Options line and Condition Block.</para>-->
<section><heading>Overview</heading>
<para>This section provides a quick overview of the most frequently used  commands when creating / modifying component releases.</para>
<section><heading><code>GetEnv</code> - Retrieving baselines</heading><code-block>&gt;GetEnv &lt;component&gt; &lt;external_version&gt;</code-block><para>Installs the environment from which a component release was made.</para><para>The following options are available:</para><table><tr><td><para>
    <code>-s</code></para></td><td><para>Install source code.</para></td></tr><tr><td><para>
    <code>-i &lt;source_install_directory&gt;</code></para></td><td><para>Specify the installation directory for the source.</para></td></tr><tr><td><para>
    <code>-o</code></para></td><td><para>Overwrite any existing source and binaries (including "pending release" components).</para></td></tr><tr><td><para>
    <code>-u</code></para></td><td><para>Update the environment database only.</para></td></tr><tr><td><para><code>-c</code></para></td><td><para>Clean the environment (similar to <code>CleanEnv</code>).</para></td></tr><tr><td><para><code>-r</code></para></td><td><para>Used with <code>-</code>c, really clean the environment (removing all temporary build files).</para></td></tr><tr><td><para><code>-f</code></para></td><td><para>Used with <code>-c</code>, force the cleaning process (don't prompt).</para></td></tr></table></section><section><heading><code>GetRel</code> - Retrieving component releases</heading><code-block>&gt;GetRel &lt;component&gt; [&lt;version&gt;]</code-block><para>Installs the binaries of a component release into the current environment.</para><para>The following options are available:</para><table><tr><td><para>
    <code>-s</code></para></td><td><para>Install source code.</para></td></tr><tr><td><para>
    <code>-o</code></para></td><td><para>Overwrite any existing source.</para></td></tr><tr><td><para>
    <code>-u</code></para></td><td><para>Update the environment database only.</para></td></tr><tr><td><para><code>-p</code></para></td><td><para>Read a piped list of components from STDIN.</para></td></tr><tr><td><para><code>-f</code></para></td><td><para>Used with <code>-c</code>, force the cleaning process (don't prompt).</para></td></tr></table></section><section><heading><code>EnvInfo</code> - Checking component information</heading><code-block>&gt;EnvInfo [&lt;component&gt;]</code-block><para>Displays information about the installed components in the current environment. </para><para>The following options are available:</para><table><tr><td><para>
    <code>-f _-ff)</code></para></td><td><para>Display fuller information (the remaining switches only apply when this is used).</para></td></tr><tr><td><para>
    <code>-c</code></para></td><td><para>Display the components with status  "<code>clean</code>".</para></td></tr><tr><td><para>
    <code>-d</code></para></td><td><para>Display the components with status "<code>dirty</code>".</para></td></tr><tr><td><para><code>-p</code></para></td><td><para>Display the components with status "<code>pending release</code>".</para></td></tr><tr><td><para><code>-n</code></para></td><td><para>No scanning.</para></td></tr></table></section><section><heading><code>CleanEnv</code> - Cleaning the environment</heading><code-block>&gt;CleanEnv</code-block><para>Restores an environment to a clean state.</para><para>The following options are available:</para><table><tr><td><para>
    <code>-r</code></para></td><td><para>Really clean the environment (removing all temporary build files).</para></td></tr><tr><td><para>
    <code>-f</code></para></td><td><para>Force the cleaning process (don't prompt).</para></td></tr></table></section><section><heading><code>PrepRel</code> - Preparing for release</heading><code-block>&gt;PrepRel &lt;component&gt; [&lt;version&gt;] [&lt;internal_version&gt;]</code-block><para>Prepares a component for release.</para><para>The following option is available:</para><table><tr><td><para>
    <code>-m &lt;mrp_file_name&gt;</code></para></td><td><para>Specify the name of the new <file>.mrp</file> file.</para></td></tr></table></section><section><heading><code>GetSource</code> - Retrieving source</heading><code-block>&gt;GetSource [&lt;component&gt; [&lt;version&gt;]]</code-block><para>Installs the source code from a component release into the current environment.</para><para>The following options are available:</para><table><tr><td><para>
    <code>-i &lt;install_directory&gt;</code></para></td><td><para>Specify the directory into which the source is installed.</para></td></tr><tr><td><para><code>-o</code></para></td><td><para>Overwrite any existing source.</para></td></tr><tr><td><para><code>-u</code></para></td><td><para>Update database only; don't really install source.</para></td></tr></table></section><section><heading><code>RemoveSource</code> - Removing source</heading><code-block>&gt;RemoveSource [&lt;component&gt; [&lt;version&gt;]]</code-block><para>Removes the source code from one or all components in the current environment.</para></section><section><heading><code>MakeEnv</code> - Making a release</heading><code-block>&gt;MakeEnv</code-block><para>Make a release of an entire environment.</para><para>The following option is available:</para><table><tr><td><para>
    <code>-n &lt;notes_src_file&gt;</code></para></td><td><para>Compile all release notes into a single file.</para></td></tr><tr><td><para><code>-w &lt;project&gt;</code></para></td><td><para>Make the release in the specified project archive.</para></td></tr></table></section></section></section></general-guide-doc>
