<?xml version="1.0"?>
<!DOCTYPE general-guide-doc SYSTEM "guide.dtd">
<general-guide-doc>
<section><heading>Introduction to  the CBR tools</heading>
<anchor name="CBR.intro"/>
<!--<para>Author:   Date  Release: Comment</para>-->
<!--<para>ElisabethM  21Jul2003 </para>-->
<!--<para>Include sections of Options line and Condition Block.</para>-->
<para>The Component Based Release tools are a set of command-line based Perl scripts and modules that enable you to produce individual releases of Symbian OS components, redistribute them and recombine them to make product-quality baselines. </para><para>This means that the overall development cycle for a Symbian OS phone becomes quicker and more flexible, also making it easier to upgrade, distribute and install Symbian OS.</para><para>The main features of the Release tools are:
</para><list><ls.item><para>Installation of binary "releases" of components on your development drive.
</para></ls.item><ls.item><para>Tracking the entire contents of your \epoc32 tree on your development drive.
</para></ls.item><ls.item><para>Fetching of matching source code. 
</para></ls.item><ls.item><para>Automatic zipping, encryption and FTP transfer of components between sites.
</para></ls.item><ls.item><para>Automatic IPR filtering of source code, so parties only get what they may see.
</para></ls.item></list><para>Within an organisation, the Component Based Release tools can be used throughout the whole development cycle of a phone or  Symbian OS, which means that different teams will need to know different aspects of the tools. 
</para><para>For example, the Integration team will need to know certain commands to "componentise" the Symbian OS build and also know how to make baseline releases. The Development teams will need to know how to maintain component definition files for the components, and be familiar with commands for fetching baselines, maintaining their development drives, and preparing component releases. </para><para>If there is a   Release team, they will  need to know how to export release archives to customers.
</para><section> 
	  <heading>See also</heading> 
	  <list><ls.item><para>	<xref target="CBRTerminology.guide">Understanding component release terminology</xref></para></ls.item><ls.item><para>		  
		<xref target="CBR_Installation.index">CBR Tools Installation Guide</xref></para></ls.item><ls.item><para>
		<xref target="CBR_User.index">CBR Tools User Guide</xref>  
		</para></ls.item><ls.item><para><xref target="CBR_Reference.intro">CBR Tools Quick Reference</xref></para></ls.item></list> 
	</section></section></general-guide-doc>
