<?xml version="1.0"?>
<!DOCTYPE general-guide-doc SYSTEM "guide.dtd">
<general-guide-doc>
<section><heading>Understanding component release terminology</heading>
<anchor name="CBRTerminology.guide"/>
<!--<para>Author:   Date  Release: Comment</para>-->
<!--<para>ElisabethM  21Jul2003 </para>-->
<!--<para>Include sections of Options line and Condition Block.</para>-->
<para>To be able to fully understand how to use the Component Based Release Tools to create component releases, it is important that you are familiar with the terminology and concepts used specifically in this context. These terms include:</para><list><ls.item><para>Component</para></ls.item><ls.item><para>Release</para></ls.item><ls.item><para>Environment</para></ls.item><ls.item><para>Baseline release</para></ls.item><ls.item><para>Baseline component.
</para></ls.item></list><section><heading>What is a component?</heading>
<para>A component is a hypothetical chunk of Symbian OS (for example viewsrv) that contains several source code files (build input files) and binary files (build output files).
It is defined in a component definition file, (.mrp file - a plain text file like a bld.inf file), which lists the name of the component, all the associated source and binary files, as well as release information.
Symbian OS currently contains around 350 components.
</para>
</section><section><heading>What is a release?</heading>
<para>A release is a version of an individual component. It can also be called a "component release". Components are released independently and do not necessarily correspond to a version of Symbian OS. Anybody can release a version of a component, any time.
</para><para>A release consists of zipped up binary and source code files as well as metadata. This metadata contains a list of all other component releases present at the time of creation, i.e. the environment of the release. 
</para><para>It is possible to create a release that only contains metadata. Usually, however, there is no point in making an "empty" release without binaries and/or source code.

</para>
</section><section><heading>What is an environment? </heading><para>An environment is the set of all other releases (component versions) present on the drive when a particular release was produced. This means that a guaranteed list of compatible component versions will be available at all times, so that you can easily find out if there are any compatibility issues when installing a release. 
</para><para>The environment of any component release can be installed with a single command, called <code>GetEnv</code>.
</para></section><section><heading>What is a baseline? </heading><para>A baseline is the complete set of component releases (environment) that makes up the software product (for example Symbian OS or a phone software project). It is the equivalent of a big monolithic zip file. 
For example, Symbian provides baselines of Symbian OS to customers, which in turn can create their own baselines, based upon both their own components and  components from Symbian and third parties.
</para></section><section><heading>What is a baseline component? </heading><para>Baselines are made up of many independent component releases, so there has to be a "label" identifying which set of component releases makes up a particular baseline.
A baseline component is a component with no source code or binary files, so its releases are only useful for the environment information stored in their metadata. It, therefore, acts as a label for the list of component releases that make up that baseline. It can be used for retrieving all component releases for a particular product. 
For example, "GT_TechView_baseline" is the baseline component for a Symbian OS project.</para></section><section><heading>Where do releases live?</heading><para>Component releases can be stored in a local archive or in a remote archive. A local archive can be a local network server or a local folder. A remote archive can be an FTP site or a local network server (which is mainly used for testing). On a local archive, each component is stored as a number of zips within a directory tree made up of the component name and version. On a remote archive, each component release is stored in a single zip file, and is encrypted.</para></section><section><heading>Where do releases come from?</heading><para>Any developer or integration engineer can make a release of a component into a local archive, where the releases can be retrieved internally within an organisation. However, it is not possible for anybody to make a  release into a remote archive for external use. This is usually done by the integration team, by "exporting" the releases  from the local archive to the remote archive.  The reverse of this process, to retrieve releases from a remote to a local archive, is  called "importing".</para></section><section><heading>How are releases binary compatible?</heading><para>Component releases do not guarantee binary compatibility between components. The environment for a particular component simply lists the other components, which that particular component is built and linked against.
It is up to each development team to make sure they inform other, dependent, teams when they break binary compatibility and why. There are also test tools available that check for unexpected binary compatibility breaks (see XREF), but they can't identify all possible breaks. 
</para></section><section> 
	  <heading>See also</heading> 
	  <list><ls.item><para>	  		<xref target="CBR.intro">Introduction to the CBR tools</xref>
				  
		
		  
		
		</para></ls.item><ls.item><para><xref target="CBR_Installation.index">CBR Tools Installation Guide</xref>			
		</para></ls.item><ls.item><para><xref target="CBR_User.index">CBR Tools User Guide</xref>
		</para></ls.item><ls.item><para><xref target="CBR_Reference.intro">CBR Tools Quick Reference</xref>
	   </para></ls.item></list> 
	</section></section></general-guide-doc>
