<?xml version="1.0"?>
<!DOCTYPE general-guide-doc SYSTEM "guide.dtd">
<general-guide-doc>
<section><heading>How to install the CBR tools</heading>
<anchor name="InstallCBR.guide"/>
<!--<para>Author:   Date  Release: Comment</para>-->
<!--<para>ElisabethM  21Jul2003 </para>-->
<!--<para>Include sections of Options line and Condition Block.</para>-->
<para>To install the Component Based Release tools, follow the instructions below. The installation methods are different depending on which version you are using - CBRToolsInstaller[version].exe or CBRTools[version].zip.</para><instructions><step><step-label>1a.</step-label><para>If using the Installer version of the CBR tools, double-click on <file>CBRToolsInstaller[version].exe</file> and follow the installation instructions displayed.</para></step><step><step-label>1b.</step-label><para>If using the zipped version of the CBR tools, unzip the latest version of the tools to a "reltools" folder on the current working drive, for example, <file>\\C:\reltools</file>. </para></step><step><step-label>2.</step-label><para>Add the <file>\\C:\reltools</file> (or equivalent) directory to your PATH environment variable. You can do this via the System control panel, and then close any open Command Prompt windows. Alternatively, you can temporarily add this to your PATH using the following command:</para><code-block>C:\&gt;set path=C:\reltools;%path%</code-block></step><step><step-label>3.</step-label><para>Make sure that the <code>EPOCROOT</code> environment variable is set correctly, for example to <code>\</code>, using the following command:</para><code-block>C:\&gt;set EPOCROOT=\</code-block></step><step><step-label>4.</step-label><para>Through the same means, ensure<file> \epoc32\tools</file> and <file>\epoc32\gcc\bin</file> are in your PATH.</para></step></instructions><section><heading>Setting up  a development area</heading><para>Once you have installed the CBR tools, you need to create a development area, from which you will be working.</para><para>If EPOCROOT is set to \, you need to substitute a new drive, as follows:</para><instructions><step><step-label>4. </step-label><para>Create a folder somewhere on your PC and name it anything, for example "symbian-drive".</para></step><step><step-label>5. </step-label><para>Open a DOS prompt at that location and type the following:</para><code-block>
C:\&gt;subst S: C:\symbian-drive
C:\&gt;S:
S:\
</code-block><para>This creates a drive called <code>S:</code>, from which you will be executing the tools commands (see the <xref target="CBR_User.index">CBR Tools User Guide</xref>).</para></step></instructions><para>Alternatively, if you have not set <code>EPOCROOT</code>  to use <code>\</code>, you only need to make sure that you have an empty directory under your <code>EPOCROOT</code> setting.</para></section>
<section><heading>Configuring the reltools.ini file</heading>
<para>When a new development drive has been set up, you need to make sure the <file>reltools.ini</file> file is available in the correct place, containing the relevant information.</para>
<para></para>
<instructions><step><step-label>6.</step-label><para>Create a directory called relinfo within an  <file>epoc32</file> directory at the root of the substituted drive, e.g., <file>S:\epoc32\relinfo</file>.</para></step>
<step><step-label>7.</step-label><para>Create a <file>reltools.ini</file> file in the <file>epoc32\relinfo</file> directory using the following format:</para>
<para>Text after # is assumed to be a comment, unless the comment is preceded by \ in which case the # is literal.</para>
<code-block>
#**************************
#                         *
#   Example reltools.ini  *
#                         *
#**************************

# The usual configuration
#---------------------------------------

require_internal_versions
categorise_binaries
categorise_exports
diff_tool		 		 		 		 diff.exe

# The Archives...
#--------------------------------

# Internal Archive
archive_path		 Dummy_Archive		 \\network_server\dummy_archive\ /Archive</code-block></step>
<step><step-label>8.</step-label>
      <para>Make sure that the directory location for the <code>archive_path</code> in the <file>reltools.ini</file> file is correct. </para>
      <para>This path is compulsory, as it points to the network share for the component based releases you will be using. (You can ignore the <code>/Archive</code> statement at the end of the line for now though.) </para>
</step></instructions>
<para>If you need to configure your CBR Tools for importing or exporting releases to and from a remote archive please read <xref target="ImportCBR.guide">How to configure the CBR tools for importing / exporting</xref> for configuration information.</para>
<para>There are also several additional configuration options to add to the <file>reltools.ini</file> file, as described in the on-line Release Tools manual.</para>                                                                                                                                                                                                                                                                                                                                                                                                                                                                                                                                
<section><heading>Configuring source layout</heading>
      <para>Another option that you can specify in the <file>reltools.ini</file> file is the ability to map the original source structure of a component in an archive, to a different structure on your development drive, allowing you to work more flexibly (for example you can extract components at root level, instead of several layers down  in the epoc32 tree). </para>
      <para>Add the following <code>source_map</code> statement to set up the new source structure on your drive:</para>
      <code-block>source_map &lt;archive_source_directory&gt; &lt;local_source_directory&gt;</code-block>
      <para></para>
      <para>where:</para><list>
            <ls.item><para><code>&lt;archive_source_directory&gt;</code> is the original source location of a component or subsystem defined in the archive, for example <file>\src\cedar\generic\base\</file>.</para></ls.item>
            <ls.item><para><code>&lt;local_source_directory&gt;</code> is new source structure for the component or subsystem you want to work with on your development drive, for example <file>\base\</file>. </para></ls.item>
      </list>
      <para>If you need to restructure the source of several components, you need to add another <code>source_map </code>statement for each component.</para>
      <para>Once you have defined source mappings in the <file>reltools.ini</file> file, it means that each time you retrieve a set of components (using <code>GetEnv -s</code>, <code>GetRel -s</code> or <code>GetSource</code>), the source for the specified component(s) will be available in the new location.</para>
      <para> However, when you prepare the component for release and make the component release into the archive again (as part of a baseline), the original source structure is  recreated.</para>
</section></section>
<section><heading>Enabling multi-platform support</heading><para>In order to be able to build components for several platforms using the CBR tools, you need to  configure a "target alias" file (<file>cbrtargetalias.cfg</file>) and place it in <file>[EPOCROOT]\epoc32\tools\variant</file>. This file allows you to specify the build targets for the "<code>all</code>" command used with "<code> binary...all</code>" in the <file>.mrp</file> file of your component (see <xref target="MRPCreating.guide">Creating a typical MRP file</xref>). </para><para>This is useful for testing new targets, for example, as there is no need to update all the <file>.mrp</file> files for components every time a new platform is introduced.</para><para>The syntax of the file is as follows:</para><code-block>
# Comments are allowed
# $EPOCROOT\epoc32\tools\variant\cbrtargetalias.cfg
ALL WINSCW ARM4 TOOLS
ALL_ALIAS ARMV5 ALL</code-block><para>where:</para><list><ls.item><para><code>ALL</code>  specificies the build targets to be used with this command, in this case WINSCW, ARM4 and TOOLS. The targets need to be listed by a component's <file>bld.inf</file> file. </para></ls.item><ls.item><para><code>ALL_ALIAS</code> allows you to include more targets in addition to the ones defined by the ALL command, for example ALL + ARMV5. The <code>ALL_ALIAS</code> command is independent of the targets listed by a component's <file>bld.inf</file> file.</para></ls.item></list><para>This means that when you define build targets for the binary files in the <file>.mrp</file> file (see <xref target="MRPCreating.guide">Creating a typical MRP file</xref>), you can choose either <code>ALL</code> or <code>ALL_ALIAS</code>.</para></section><section><heading>Testing the installation</heading><para>To make sure the installation has worked and that the tools have been configured with the correct settings:</para><instructions><step><step-label>9.</step-label><para>Open a DOS prompt at the substituted drive or your directory under the <code>EPOCROOT</code> setting.</para></step><step><step-label>10.</step-label><para>Type <code>EnvInfo</code>.</para></step></instructions><para>If no messages at all are displayed, the tools have been set up correctly. </para></section><section><heading>Generating on-line documentation</heading><para>To generate the on-line HTML documentation available with the Release tools as part of the installation process, you can type the following from command line:
</para><list><ls.item><para><code>S:\&gt; Blddocs c:\reltools\docs
</code></para></ls.item></list><para>This generates the full HTML set of documentation, containing general information about the tools and descriptions of each command used.
</para><para>If you want to obtain brief information whilst using the tools, you can type <code>-h</code> from command line, straight after the relevant command, for example:
</para><list><ls.item><para><code>S:\&gt; envinfo -h</code></para></ls.item></list><para>This displays a list of available options for that particular command.
</para></section><section><heading>See also</heading><list><ls.item><para>
      <xref target="CBRInstallation.intro">Introduction to installing the CBR tools</xref>
			</para></ls.item><ls.item><para><xref target="ImportCBR.guide">How to configure the CBR tools for importing / exporting</xref></para></ls.item><ls.item><para><xref target="CBRTerminology.guide">Understanding component release terminology</xref>	</para></ls.item><ls.item><para><xref target="CBR_User.index">CBR Tools User Guide</xref></para></ls.item><ls.item><para><xref target="CBR_Reference.intro">CBR Tools Quick Reference</xref></para></ls.item></list></section></section></general-guide-doc>
