<?xml version="1.0"?>
<!DOCTYPE general-guide-doc SYSTEM "guide.dtd">
<general-guide-doc>
<section><heading>Introduction to installing the CBR tools</heading>
<anchor name="CBRInstallation.intro"/>
<!--<para>Author:   Date  Release: Comment</para>-->
<!--<para>ElisabethM  21Jul2003 </para>-->
<!--<para>Include sections of Options line and Condition Block.</para>-->
<para>This Installation Guide describes how to install the Component Based Release (CBR) Tools - used for creating component-based releases of Symbian OS.
The installation process involves retrieving and installing the CBR tools, creating a development area, setting up environment paths and configuring the release tools initialisation file.
</para><para>The guide is aimed at integrators who are using the CBR tools for  retrieving and releasing  OS / phone baselines and at developers who are  creating and distributing new components, as well as  maintaining development drives.</para><para>Further information on using the CBR tools and understanding component release terminology is available in  the <xref target="CBR_User.index">CBR Tools User Guide</xref>, and the Release Tools manual available on-line once the tools have been installed.</para><section><heading>System requirements</heading>
<para>The following system requirements need to be met before you can install the CBR tools:</para><list><ls.item><para>Windows 95, 98, NT, 2000 or XP installed.</para></ls.item><ls.item><para><code>	\epoc32\tools\ and \epoc32\gcc\bin</code> in the path</para></ls.item><ls.item><para>No CustKit/DevKit tools available in the PATH environment variable  (unless they appear after <file>\epoc32\tools</file> and <file>\epoc32\gcc\bin</file>)</para></ls.item><ls.item><para>	Perl 5.6.x installed and set up in the PATH environment variable.</para></ls.item><ls.item><para>A clean directory or substituted (or real) drive, with approximately 2 GB of free disk space for Symbian OS components. This is because if you are not able to retro-fit the tools to an existing drive, you will need to fetch a whole environment.</para><para><bold>NOTE:</bold> You can substitute multiple drives if working on several component-based releases of Symbian OS, or have multiple settings of <code>EPOCROOT</code> (<code>%epocroot%</code>).</para></ls.item><ls.item><para><code>EPOCROOT</code> environment variable set  appropriately.</para></ls.item><ls.item><para>A copy of <file>reltools.ini</file> in <code>\epoc32\relinfo</code> on each development drive you plan to use, or for each setting of <code>EPOCROOT</code> you plan to use.  </para></ls.item></list><para>If you plan to make releases, for other people to use, you may optionally also need to install compilers and other build tools (such as Microsoft Visual C++ 6 and Metrowerks CodeWarrior). This is important so that everybody can use the binaries provided in your releases.</para>
<para>Furthermore, if you need to import encrypted releases from an external FTP site or network drive, or export releases to an external server, you will need to install one of the supported encryption tools.  Information on supported encryption tools is in the section <xref target="PGP/GPG.guide">Preparing for import / export</xref></para><section>
	  <heading>See also</heading>
	  <list><ls.item><para>
      <xref target="InstallCBR.guide">How to install the CBR tools</xref>
			</para></ls.item><ls.item><para><xref target="ImportCBR.guide">How to configure the CBR tools for importing / exporting</xref></para></ls.item><ls.item><para><xref target="CBRTerminology.guide">Understanding component release terminology</xref>	</para></ls.item><ls.item><para><xref target="CBR_User.index">CBR Tools User Guide</xref></para></ls.item><ls.item><para><xref target="CBR_Reference.intro">CBR Tools Quick Reference</xref></para></ls.item></list>
	</section>
</section></section></general-guide-doc>
