<?xml version="1.0"?>
<!DOCTYPE general-guide-doc SYSTEM "guide.dtd">
<general-guide-doc>
<section><heading> Example - Creating a component release</heading>
<anchor name="CBRExample.guide"/>
<!--<para>Author:   Date  Release: Comment</para>-->
<!--<para>ElisabethM  21Jul2003 </para>-->
<!--<para>Include sections of Options line and Condition Block.</para>-->
<section><heading>Make a component release</heading><para>The following example describes all the steps involved when making a new component release - from installing the CBR tools to adding the released component to a baseline. Depending on whether you work in development or integration, you may not need to perform all the steps.</para><subheading>Step 1 - Install the CBR tools</subheading><list><ls.item><para>Substitute a Symbian OS drive with at least 2.5 GB available</para></ls.item><ls.item><para>Install the Component Based Release tools as described in the <xref target="CBR_Installation.index">CBR Tools Installation Guide</xref>.</para></ls.item><ls.item><para>Set <code>EPOCRoot</code> to \. </para></ls.item><ls.item><para>Test  the installation is working correctly  by typing <code>EnvInfo</code> from command line.</para></ls.item></list><subheading>Step 2 - Prepare a component</subheading><list><ls.item><para>Retrieve a baseline component for GT only by typing: </para><para><code>S:\&gt;GetEnv &lt;gt_only_baseline_component&gt; &lt;version&gt;</code></para><para>Find out the latest version by using the <code>LatestVer</code> command. </para></ls.item><ls.item><para>Copy the HelloWorld example available from the <file>\documentation\example</file> directory within the <file>CBRTools[version].zip</file> file to the root location of your development area.</para></ls.item></list><subheading>Step 3 - Create a component</subheading><list><ls.item><para>Create the <file>.mrp</file> file for your component, using the text below (see further instructions in <xref target="MRPCreating.guide">Creating a typical MRP file</xref>):</para><code-block>
component helloworld

source \helloworld
exports \helloworld\group
binary \helloworld\group

notes_source \release_notes.src
</code-block></ls.item><ls.item><para>Create the release notes for your component by modifying the <file>notes.src</file> file in a text editor according to the below example:</para><code-block>
NOTESRC_RELEASER
&lt;forename&gt;.&lt;surname&gt;@&lt;companyname&gt;.com

NOTESRC_RELEASE_REASON
Defect fix &lt;xxx&gt;
</code-block><para>See the on-line Release Tools manual for further information on how to do this.</para></ls.item><ls.item><para>Prepare the component for release   by typing:</para><para><code>S:\&gt;PrepRel helloworld test test -m \helloworld\group\helloworld.mrp</code></para></ls.item></list><subheading>Step 4 - Test the component</subheading><list><ls.item><para>Test that the <file>.mrp</file> file works in isolation by typing:</para><para><code>S:\&gt;EnvInfo -fv helloworld</code></para><para>If errors are reported, make sure you have defined the <file>.mrp</file> file correctly.</para></ls.item><ls.item><para>Check that all the binary files belonging to the component have been accounted for in your environment by typing:</para><para><code>S:\&gt;Envinfo -fv</code></para><para>The overall status should be reported as "<code>pending release</code>". If it is not, you need to edit the MRP file or fix any problems, as listed in <xref target="MRPTesting.guide">Fixing problems with MRP files</xref>.</para></ls.item></list><subheading>Step 5 - Make a component release</subheading><list><ls.item><para>Add a statement at the top of the <file>reltools.ini</file> file, listing the archive  in which to make the component release, for example:</para><code-block>archive_path Test D:\test_archive\</code-block></ls.item><ls.item><para>Make the component release using the command <code>MakeEnv</code>:</para><para><code>S:\&gt;MakeEnv -w test</code></para><para>This will release the component you have prepared to the local archive specified at the top of your <file>reltools.ini</file> file.</para></ls.item></list></section><section><heading>Add your component release to an existing baseline</heading><subheading>Step 1 - Reset your development drive to a known state</subheading><list><ls.item><para>To make sure your development drive is completely clean before you retrieve a new baseline, you can use the <code>GetEnv</code> and <code>CleanEnv</code> commands as shown below:</para><para><code>S:\&gt;GetEnv &lt;gt_only_baseline_component&gt; &lt;version&gt;</code></para><para><code>S:\&gt;CleanEnv </code></para></ls.item><ls.item><para>To delete the  <code>helloworld</code> component, type:</para><para><code>S:\&gt;delete helloworld</code></para><para>This allows you to make sure that you have a clean <code>epoc32</code> drive.</para></ls.item></list><subheading>Step 2 - Include the component release in an existing baseline</subheading><list><ls.item><para>To include the component you have just released in an existing baseline, you first need to retrieve the component and its source from the local archive and then retrieve the source of the baseline component, as follows:</para><para><code>S:\&gt;GetRel -s helloworld test</code></para><para><code>S:\&gt;GetSource &lt;gt_only_baseline_component&gt;</code></para></ls.item><ls.item><para>You  then need to prepare the baseline component for release using the <code>PrepRel</code> command:</para><para><code>S:&gt;PrepRel gt_only_baseline test test</code></para><para>If no errors are reported, you can then make a release of the baseline component, but if errors are reported, you need to check that the component definitions are correct etc.</para></ls.item><ls.item><para>To add your component release to the baseline component, type:</para><para><code>S:\&gt;MakeEnv -w test</code></para><para>This creates a new baseline component release which includes all of the component releases listed in the environment, including your new component.</para></ls.item></list></section><section><heading>See also</heading><list><ls.item><para> 		<xref target="CBR.intro">Introduction to the CBR tools</xref>
		</para></ls.item><ls.item><para><xref target="CBRTerminology.guide">Understanding component release terminology</xref>
		</para></ls.item><ls.item><para><xref target="CBR_Installation.index">CBR Tools Installation Guide</xref></para></ls.item><ls.item><para>
		<xref target="CBR_User.index">CBR Tools User Guide</xref>
		</para></ls.item><ls.item><para><xref target="CBR_Reference.intro">CBR Tools Quick Reference</xref></para></ls.item></list></section></section></general-guide-doc>
