<?xml version="1.0"?>
<!DOCTYPE general-guide-doc SYSTEM "guide.dtd">
<general-guide-doc>
<section><heading>Defining components</heading>
<anchor name="CBRDefining.guide"/>
<!--<para>Author:   Date  Release: Comment</para>-->
<!--<para>ElisabethM  21Jul2003 </para>-->
<!--<para>Include sections of Options line and Condition Block.</para>-->
<para>Components are defined using <file>.mrp</file> files. These are essentially text files (similar to <file>bld.inf</file> or <file>.mmp</file>) that contain a list of source files and binary files for a particular component.</para><para>The following points should be noted when creating / modifying your component:</para><list><ls.item><para>All changes you make to binary files when rebuilding source files should be made in the development area you set up when installing the CBR tools (see the <xref target="CBR_Installation.index">CBR Tools Installation Guide</xref>).
</para></ls.item><ls.item><para>All necessary updates to the <file>.mrp</file> file, as a result of binary file changes, should also be made in your development area. After that, you can copy the <file>.mrp</file> file to the relevant group directory within your Source Code Management System.</para></ls.item><ls.item><para>All source code changes should be made in your Source Code Management system, following the  development procedures of your organisation.</para></ls.item></list><para><bold>NOTE:</bold> You only need to create a totally new <file>.mrp</file> file when creating a completely new component.
</para><para>The following sections describe some of the reasons for updating <file>.mrp</file> files and how to change them.</para><section><heading>Reasons for changing MRP files</heading><para>Even though many changes to binaries can be detected automatically (as shown in later sections), there are several reasons why you, as a developer,  need to maintain / change .<file>mrp</file> files on a regular basis. 
</para><para>These are:</para><list><ls.item><para>Changes in source code structure
 - paths may be  absolute in relation to the drive root, or the internal source structure is changed dramatically, so moving the source code requires changes to the <file>.mrp</file> file.
</para></ls.item><ls.item><para>Change of <file>bld.inf</file> locations - same as above.</para></ls.item><ls.item><para>Additional binaries not reported by the build tools
</para><para>Examples of files which are not generated by the build process are <file>Techview_buildno.txt</file> and <file>GT_buildno.txt</file>.</para></ls.item><ls.item><para>Removal of binaries that are not built (but are reported) by the build tools</para></ls.item><ls.item><para>Exclusion of files built by several components
</para><para>For example, <file>dummy.dll</file> is a blank DLL built by several components (e.g. <file>operaeng</file>) because they just want to build an RSC file. This file can be excluded by using the <code>-binary</code> statement, as described in <xref target="MRPfileMore.guide">More about MRP files</xref>.
</para></ls.item><ls.item><para>Combining two components into one 
</para><para>You may want to combine several components into one,  because typically they all need to be rebuilt if one of the components changes.</para></ls.item><ls.item><para>Splitting a component 
</para><para>You may want to split a large component (such as the messaging engine for example) into smaller components, for efficiency of distribution and rebuilding. Another reason for this is if some customers cannot receive certain parts of a component (for legal reasons); it must be split so that different distribution rules can be applied to each side.
</para></ls.item><ls.item><para>Picking up files logically belonging to this component but built by something else 
</para><para>For example it is useful to distribute the <code>viewsrv</code> documentation in <code>\epoc32\engdoc</code> with viewsrv instead of some huge "documentation" component.</para></ls.item><ls.item><para>Adding files of unknown origin</para><para>The tools use the binary statements in the <file>.mrp</file> file for the component to create a list of binary files associated with the release. If the output of the build generates extra files to the ones contained in this list, they will be reported as files of unknown origin. This is because it is likely that the build configuration files (in particular the custom makefiles) have been written in a non-standard way.
This means that the extra files need to be explicitly listed in the <file>.mrp</file> file. 
</para></ls.item><ls.item><para>"Removing files with double ownership - VERY IMPORTANT!
</para><para>When creating components you also need to make sure that all binary files belong to exactly one component and that they do not have double ownership, (i.e. listed in one <file>.mrp</file> file only and not several). If not, the componentisation will fail. (This is not as important for source files, though it still makes sense to distribute each area of source code in exactly one component.)
</para></ls.item></list></section><section> 
	  <heading>See also</heading> 
	  <list><ls.item><para><xref target="MRPCreating.guide">Creating a typical MRP file</xref></para></ls.item><ls.item><para>
	   <xref target="MRPfileMore.guide">More about MRP files</xref>
		</para></ls.item><ls.item><para>		<xref target="CBRPreparing.guide">Preparing components for release</xref></para></ls.item><ls.item><para><xref target="MRPTesting.guide">Fixing problems with MRP files</xref>			
		</para></ls.item></list> 
	</section></section></general-guide-doc>
