<?xml version="1.0"?>
<!DOCTYPE general-guide-doc SYSTEM "guide.dtd">
<general-guide-doc>
<section><heading>Importing component releases</heading>
<anchor name="CBRImporting.guide"/>
<!--<para>Author:   Date  Release: Comment</para>-->
<!--<para>ElisabethM  21Jul2003 </para>-->
<!--<para>Include sections of Options line and Condition Block.</para>-->
<para>Importing is the  procedure, where the encrypted release is transferred from the remote archive to a recipient's local archive. Only those parts of the release which are encrypted with a recipient's public key may be decrypted to the local server.</para><para>You can import from either an FTP site or a network drive. In both cases, the configuration file, <file>reltools.ini</file> need to be set up correctly. </para><para>You also need to  have access to the relevant PGP/GPG keyrings and the archive from which you are importing. </para><para>In order to perform an import, it is assumed that you have configured the <file>reltools.ini</file> as described in  <xref target="ImportCBR.guide">How to configure the CBR tools for importing / exporting</xref>.</para><section><heading>Importing a baseline</heading><para>To import a complete baseline of  a Symbian OS release (whole environment, you need to use the command <code>ImportEnv</code> and then specify the component name and version number, as follows:</para><code-block>S:\&gt;importenv &lt;baseline_component_name&gt; &lt;component_version&gt; -v</code-block><para>The baseline is then imported from the FTP site or network drive listed in the <file>reltools.ini</file> file to your local archive.</para></section><section><heading>Importing a single component release</heading><para>To import a single component release from the FTP site or network drive, you need to use the command <code>GetRel</code>, followed by the particular component name and version, as shown below:</para><code-block>S:\&gt;importrel &lt;baseline_component_name&gt; &lt;component_version&gt; -v</code-block><para>Only that particular component is then imported, and not its environment.</para><para>It is also possible to use the <code>-f</code> flag with the <code>ImportRel</code> command. This allows you to force the component to be imported when it already exists in the local archive.</para></section><section><heading>See also</heading><list><ls.item><para><xref target="ImportCBR.guide">How to configure the CBR tools for importing / exporting</xref>			
	   </para></ls.item><ls.item><para><xref target="CBRExporting.guide">Exporting component releases</xref>					
	   </para></ls.item></list></section></section></general-guide-doc>
