<?xml version="1.0"?>
<!DOCTYPE general-guide-doc SYSTEM "guide.dtd">
<general-guide-doc>
<section><heading>How to configure the CBR tools for importing / exporting</heading>
<anchor name="ImportCBR.guide"/>
<!--<para>Include sections of Options line and Condition Block.</para>-->
<para>If you are an Integration Engineer, you may need to import a componentised release of Symbian OS from a remote FTP site to a  network share available for anybody to use . </para>
<para>You may also be required to export a Symbian OS or phone baseline once modifications have been made.</para>
<para>Exporting is the process of transferring the content of a componentised release in the local archive to the remote archive, and simultaneously encrypting it.  This is so that you can send a completed baseline safely and remotely -   see <xref target="CBRExporting.guide">Exporting component releases</xref>. </para>
<para>Importing is the complementary procedure (see <xref target="CBRImporting.guide">Importing component releases</xref>), where the encrypted release is transferred from the remote Archive to a recipient's local archive. Only those parts of the release which are encrypted with a recipient's public key may be decrypted to the local server.</para>
<para>You can export to either an FTP site or a network drive. In both cases, a configuration file, <file>reltools.ini</file>, and an appropriate export table are required. The export table will be identical in both cases; the configuration file will differ slightly.</para>
<para>You also need to  have access to the relevant PGP or GPG keyrings and the archive to which you are exporting. </para>
<para>The following sections describe the  preparatory steps you need to take in order to import or export  a baseline.  Most of the configuration is the same for both processes, but when exporting you also need to create export tables and configure your <file>reltools.ini</file> further.</para>
<para><bold>NOTE:</bold> It is assumed that you  have installed the CBR tools and configured your machine according to the system requirements listed in <xref target="CBRInstallation.intro">Introduction to installing the CBR tools</xref>.</para>
<section><heading>Preparing for import / export</heading>
	<anchor name="PGP/GPG.guide"/>
	<para>In order to import or export components, you will need a supported encryption tool installed.  The supported encryption tools are:</para>
	<list>
		<ls.item><para>'Gnu Privacy Guard' (GPG), any version 1.x.</para></ls.item>
		<ls.item><para>'PGP Command Line' from the PGP Corporation, version 6 or later.</para></ls.item>
	</list>
	<para>The following sets of files are required when performing an import or export:</para>
	<list>
		<ls.item><para>A valid Export Table for the customer of the export. This will be called something like <file>&lt;project_name&gt;_test_export.csv</file> or <file>&lt;company_name&gt;_&lt;project_name&gt;_export.csv</file>, etc.</para></ls.item>
		<ls.item><para>A valid <file>reltools.ini</file> file, containing the FTP site or network drive information used for that specifc export customer, and location of the Export Table for that customer.</para></ls.item>
		<ls.item><para>The correct set of PGP keys for the release (if they are not already imported into PGP/GPG). </para><para>A configuration option in the <file>reltools.ini</file> file can point to the correct keyring to be used. </para></ls.item>
	</list>
<section><heading>Creating export tables</heading>
	<para>The export table is a grid in <file>.csv</file> format that must list all the components available in a baseline and for each recipient details the IPR categories for source and export files that can be received for that component. This is to make sure that the correct components are exported and shipped to the relevant customers.</para>
	<para>A short example of an export table is shown below:</para>
	<table><tr><td></td><td><para><bold>Recipient 1 (0x&lt;ID&gt;)</bold> </para></td><td><para><bold>Recipient 2 (0x&lt;ID&gt;)</bold></para></td></tr>
		<tr><td><para><code># This is a comment</code></para></td><td></td><td></td></tr>
		<tr><td><para><code>component_1</code></para></td><td><para><code>XY</code></para></td><td><para><code>Y</code></para></td></tr>
		<tr><td><para><code>component_2</code></para></td><td><para><code>S(X Y Z) E(X Y)</code></para></td><td><para><code>exclude</code></para></td></tr>
		<tr><td><para><code>component_3</code></para></td><td><para><code>exclude_bin W X Y Z</code></para></td><td><para><code>W X Y Z</code></para></td></tr>
		<tr><td><para><code>component_4</code></para></td><td><para><code>E(X Y Z)</code></para></td><td><para><code>exclude_bin</code></para></td></tr>
		<tr><td><para><code>component_5</code></para></td><td><para><code>exclude_bin S(X) E(Y)</code></para></td><td><para><code>X Y Z</code></para></td></tr>
		<tr><td><para><code>component_6</code></para></td><td><para><code></code></para></td><td><para><code>S(X Y Z)</code></para></td></tr>
	</table>	
	<para>Note that <code>&lt;ID&gt;</code> is replaced with the GPG/PGP key ID for the recipient.</para>
	<para>There are options available for configuring which IPR categories of source code and exports are included, as well as whether binaries are to be included with the release.   These options are detailed in the table below:</para>
	<table><tr><td><para><bold>Keyword</bold></para></td><td><para><bold>Source Included</bold></para></td><td><para><bold>Binaries Included</bold></para></td><td><para><bold>Exports Included</bold></para></td></tr>
		<tr><td><para><italic>&lt;empty&gt;</italic></para></td><td><para><code>None</code></para></td><td><para><code>Yes</code></para></td><td><para><code>None</code></para></td></tr>
		<tr><td><para><code>exclude_bin</code></para></td><td><para><code>None</code></para></td><td><para><code>None</code></para></td><td><para><code>None</code></para></td></tr>
		<tr><td><para><code>X Y Z</code></para></td><td><para><code>IPR Source for categories X Y Z</code></para></td><td><para><code>Yes</code></para></td><td><para><code>IPR Exports for categories X Y Z</code></para></td></tr>
		<tr><td><para><code>exclude_bin X Y Z</code></para></td><td><para><code>IPR Source for categories X Y Z</code></para></td><td><para><code>None</code></para></td><td><para><code>IPR Exports for categories X Y Z</code></para></td></tr>
		<tr><td><para><code>S(X Y Z)</code></para></td><td><para><code>IPR Source for categories X Y Z</code></para></td><td><para><code>Yes</code></para></td><td><para><code>None</code></para></td></tr>
		<tr><td><para><code>E(X)</code></para></td><td><para><code>None</code></para></td><td><para><code>Yes</code></para></td><td><para><code>IPR Exports for category X</code></para></td></tr>
		<tr><td><para><code>S(X) E(Y)</code></para></td><td><para><code>IPR Source  for category X</code></para></td><td><para><code>Yes</code></para></td><td><para><code>IPR Exports for category Y</code></para></td></tr>
		<tr><td><para><code>exclude_bin S(X) E(Y)</code></para></td><td><para><code>IPR Source for category X</code></para></td><td><para><code>None</code></para></td><td><para><code>IPR Exports for category Y</code></para></td></tr>
		<tr><td><para><code>exclude</code></para></td><td><para><code>None</code></para></td><td><para><code>None</code></para></td><td><para><code>None</code></para></td></tr>
	</table>		
	<para>As you can see there are multiple configurations of options available to use in the export table.</para>
	<para>The exclude keyword will prevent the release form being exported to the remote archive.  No part of the release will be exported for the relevant PGP key, and unlike the exclude_bin keyword no entry will be made for this component in the remote archive.  The exclude keyword can be useful for ensuring that confidential components are kept hidden.  If a confidential build is accidentally released and it contains a component which was excluded using the exclude keyword then the recipient will end up with a broken environment.</para>
	<para>The exclude_bin keyword prevents binaries from being exported to the remove archive.  You can join exclude_bin with source and export arguments so that you can have just source\exports or both, but no binaries will be released.  The exclude_bin keyword will always create an entry for the component on the remote archive, which will just contain some meta data about the component and the environment that it was released in.</para>
	<para>To include the source code and export files for an IPR category you need to include the IPR category letter in the cell for the component\key combination.  For example, for component_1 the source code and export files for IPR categories X and Y will be encoded to the recipient_1 key, but only the category Y files will be encoded to the recipient_2 key.</para>
	<para>If you wish to include just source files and no exports you can use the S keyword and enter the IPR categories of the source required within parenthesis, for example S(X Y Z) would encode the source files for IPR categories X, Y and Z.  The same can be done for exports my using the keyword E, for example E (X Y Z) would encode the export files for IPR categories X, Y and Z.</para>
	<para>The S and E keywords can be combined so that you can have different combinations of source and export IPR categories, for example you could enter S(X Y) E (X Y Z).  Both the source and export files for IPR categories X and Y will be included, as well as the export files for IPR category Z, but no source files will be included for the source IPR category Z files.</para>
	<para>Empty cells imply that the recipient does not have access to any source or exports for the corresponding component but can still receive binaries.</para>
	
</section> <!-- End 'Creating export tables' -->
<section><heading>Setting up GPG / PGP keys</heading>
	<para>If PGP/GPG is not set up with the correct keys for the machine you are importing to, then the import / export will fail. </para>
	<para>Either a full PGP/GPG keyring can be provided, or one has to be created.</para>
	<para>Instructions for importing PGP keys into GPG are given in the HTML documentation for the release notes. The HTML documentation can be generated "on the fly" with  the Release Tools, using the command <code>blddocs</code>.</para>
</section> <!-- End 'Setting up GPG / PGP keys' -->
<section><heading>Configuring the reltools.ini file</heading>
	<para>To be able to import a complete Symbian OS baseline from an FTP site to a network share, you need to add the equivalent of the following information to the <file>reltools.ini</file> file. </para>
<code-block>
#NETWORK SHARE EXAMPLE: Net drive
#-----------------------------

remote_site_type  netdrive
remote_host       N:
</code-block>
	<para>where <code>N:</code> is a drive that you are importing  to.</para><para>You also need to the insert information about the  PGP/GPG keyring and export table, as follows:</para>
<code-block>
#PGP/GPG EXAMPLE
#---------------------------

pgp_tool				gpg
pgp_config_path
\\networkserver\reltools\config\export\gpg
export_data_file
\\networkserver\reltools\config\export\exportfile.csv
pgp_encryption_key		0x&lt;insert private key ID&gt;
</code-block>
<para>Note: Any values (e.g. passwords) containing a # will need to have the # escaped with a \.</para>
</section> <!-- End 'Configuring the reltools.ini file -->
</section> <!-- End 'Preparing for import / export' -->
<section><heading>See also</heading>
	<list><ls.item><para><xref target="CBRInstallation.intro">Introduction to installing the CBR tools</xref></para></ls.item>
		<ls.item><para><xref target="InstallCBR.guide">How to install the CBR tools</xref></para></ls.item>
		<ls.item><para><xref target="CBRTerminology.guide">Understanding component release terminology</xref></para></ls.item>
		<ls.item><para><xref target="CBR_User.index">CBR Tools User Guide</xref></para></ls.item>
		<ls.item><para><xref target="CBR_Reference.intro">CBR Tools Quick Reference</xref></para></ls.item>
	</list>
</section> <!-- End 'See also' -->
</section> <!-- End 'How to configure the CBR tools for importing / exporting' -->
</general-guide-doc>
