<?xml version="1.0"?>
<!DOCTYPE general-guide-doc SYSTEM "guide.dtd">
<general-guide-doc>
<section><heading>Examining component releases</heading>
<anchor name="CBRExamining.guide"/>
<!--<para>Author:   Date  Release: Comment</para>-->
<!--<para>ElisabethM  06Nov2003 </para>-->
<!--<para>Include sections of Options line and Condition Block.</para>-->
<para>When maintaining your component definition files, the most difficult and time-consuming task will be to find the reason for your environment being "<code>dirty</code>" and how to fix possible problems to make it "<code>clean</code>" again.
</para><para>The reasons for the environment being "<code>dirty</code>" are:</para><list><ls.item><para>A component has changed since it was installed (timestamp is different)</para></ls.item><ls.item><para>A file in \epoc32 is not owned by a component</para></ls.item><ls.item><para>A binary file is owned by more than one component.</para></ls.item></list><para>To help you fix these problems, there are several useful commands available that allow you to find out which binaries and souce code belong to a component, as well as locate the component to which an unknown file belongs. These commands are:</para><list><ls.item><para><code>BinInfo</code> - displays a list of binaries for a particular component and the status of the files.</para></ls.item><ls.item><para><code>SourceInfo</code> - displays a list of source code areas, component names, elements, the status of each are and any notes available.</para></ls.item><ls.item><para><code>EnvInfo  &lt;component&gt;</code> - displays information about a particular component only, as opposed to all the components in the whole environment.</para></ls.item><ls.item><para><code>EnvSize</code> - displays the size of a component and its environment</para></ls.item><ls.item><para><code>EnvMembership</code> - displays the baselines to which a particular component belongs.</para></ls.item></list><para>More details on these commands can be found in the on-line Release Tools manual.</para><section> 
	  <heading>See also</heading> 
	  <list><ls.item><para><xref target="CBRRetrieving.guide">Retrieving component releases</xref>						
		</para></ls.item><ls.item><para><xref target="CBRMaintaining.guide">Maintaining your development area</xref>
		</para></ls.item><ls.item><para><xref target="CBRDefining.guide">Defining your components</xref>
		</para></ls.item><ls.item><para><xref target="MRPCreating.guide">Creating a typical MRP file</xref></para></ls.item><ls.item><para>
	   <xref target="MRPfileMore.guide">More about MRP files</xref>
		</para></ls.item><ls.item><para><xref target="CBRSourceFetch.guide">Fetching source code</xref>
		</para></ls.item><ls.item><para><xref target="MRPTesting.guide">Fixing problems with MRP files</xref>			
		</para></ls.item></list> 
	</section></section></general-guide-doc>
