<?xml version="1.0"?>
<!DOCTYPE general-guide-doc SYSTEM "guide.dtd">
<general-guide-doc>
<section><heading>Preparing components for release</heading>
<anchor name="CBRPreparing.guide"/>
<!--<para>Author:   Date  Release: Comment</para>-->
<!--<para>ElisabethM  06Nov2003 </para>-->
<!--<para>Include sections of Options line and Condition Block.</para>-->
<para>Once you have rebuilt the source code changes you have made and updated the <file>.mrp</file> file accordingly, you need to prepare the component for release in order to be able to check that the component definition file (<file>.mrp</file>) has been modified correctly and that all binary files have been accounted for.  
</para><para>If any problems are reported at this stage, you need to resolve the problems, as described in <xref target="MRPTesting.guide">Fixing problems with MRP files</xref>.
</para><para><bold>NOTE:</bold> Depending on  which team in your organisation is responsible for making component releases, you may or may not be required to know the full process of actually making a component release.</para><para>To prepare the component for release, use the command <code>PrepRel</code> as follows:</para><code-block>S:\&gt; PrepRel &lt;component&gt; [&lt;version&gt;] [options]</code-block><para>where:</para><list><ls.item><para><code>&lt;component&gt;</code> is the name of the component to prepare.</para></ls.item><ls.item><para><code>&lt;version&gt;</code> is the name of the component to prepare.</para></ls.item><ls.item><para><code>&lt;internal_version&gt;</code> is the internal version number of the component, if available. This is also optional.</para></ls.item></list><para><code>[options]</code> could be any of the following flags:</para><para><code>-m</code>  the <file>.mrp</file> file name for the component, if specifying a new component.</para><para><code>-f</code> force the preparation without prompting.
</para><para>Once you have run <code>PrepRel</code>, the component gets a new status, "<code>pending release</code>". This is what will be shown in the <code>EnvInfo -f</code> scan.

</para><section> 
	  <heading>See also</heading> 
	  <list><ls.item><para><xref target="CBRDefining.guide">Defining your components</xref>
		</para></ls.item><ls.item><para><xref target="MRPCreating.guide">Creating a typical MRP file</xref></para></ls.item><ls.item><para>
	   <xref target="MRPfileMore.guide">More about MRP files</xref>
		</para></ls.item><ls.item><para><xref target="CBRSourceFetch.guide">Fetching source code</xref>
		</para></ls.item><ls.item><para><xref target="MRPTesting.guide">Fixing problems with MRP files</xref>			
		</para></ls.item><ls.item><para><xref target="CBRReleasing.guide">Making a component release</xref>
		</para></ls.item><ls.item><para><xref target="CBRExamining.guide">Examining component releases</xref>
	   </para></ls.item><ls.item><para><xref target="CBRExample.guide">Example - Creating a component release</xref>	</para></ls.item></list> 
	</section></section></general-guide-doc>
