<?xml version="1.0"?>
<!DOCTYPE general-guide-doc SYSTEM "guide.dtd">
<general-guide-doc>
<section><heading>Exporting component releases </heading>
<anchor name="CBRExporting.guide"/>
<!--<para>Author:   Date  Release: Comment</para>-->
<!--<para>ElisabethM  21Jul2003 </para>-->
<!--<para>Include sections of Options line and Condition Block.</para>-->
<para>Exporting is the process of transferring the content of a componentised release in the local archive to the remote archive, and simultaneously encrypting it.  This is so that you can send a  baseline safely and remotely. </para><para>You can export to either an FTP site or a network drive. In both cases, a configuration file, <file>reltools.ini</file>, and an appropriate export table are required. The export table will be identical in both cases; the configuration file will differ slightly.</para><para>You also need to  have access to the relevant PGP/GPG keyrings and the archive to which you are exporting. </para><para>In order to perform an import, it is assumed that you have configured the <file>reltools.ini</file> file as described in  <xref target="ImportCBR.guide">How to configure the CBR tools for importing / exporting</xref>.</para><section><heading>Exporting a baseline </heading><para>To export a complete baseline, including the full environment,  to a remote archive (FTP site or network drive), type the following:</para><code-block>S:\&gt;exportenv &lt;baseline_component_name&gt; &lt;baseline_component_version&gt; -v</code-block><para>All the component releases listed in the environment of that baseline component are then exported.</para></section><section><heading>Exporting a single component release</heading><para>To export a single component release to a remote archive, type the following:</para><code-block>S:\&gt;exportrel &lt;component_name&gt; &lt;component_version&gt; -v</code-block><para>Only that particular component release is then exported. </para></section><para><bold>NOTE:</bold> The above commands will only attempt to export a component release if it is listed in the export table and not already available on the remote archive. If you use the <code>-f</code> option, you can force the  component release to be exported even if it already exists on the remote archive.</para><section><heading>Dealing with export failures</heading><para>Some components may fail to export, due to the FTP site connection failing. This is not a major issue, as you can just perform the <code>Exportenv</code> as before (preferably without the <code>-f</code> flag), and it will figure out which component has not exported successfully.</para></section><section><heading>See also</heading><list><ls.item><para><xref target="ImportCBR.guide">How to configure the CBR tools for importing / exporting</xref>			
	   </para></ls.item><ls.item><para><xref target="CBRImporting.guide">Importing component releases</xref>					
	   </para></ls.item></list></section></section></general-guide-doc>
