<?xml version="1.0"?>
<!DOCTYPE general-guide-doc SYSTEM "guide.dtd">
<general-guide-doc>
<section><heading>Fetching source code</heading>
<anchor name="CBRSourceFetch.guide"/>
<!--<para>Author:   Date  Release: Comment</para>-->
<!--<para>ElisabethM  06Nov2003 </para>-->
<!--<para>Include sections of Options line and Condition Block.</para>-->
<para>Once you have a set of components installed in your development area, you can optionally install source code as well. This might be useful for viewing source belonging to other components (not the one you maintain, but developed by other teams) whilst you are debugging and testing, for example.</para><para><bold>NOTE: </bold>All source code you work on and  modify should always be kept in your Source Code Management system.</para><section><heading>Using <code>GetSource</code></heading><para>To fetch source code, you need to use the <code>GetSource</code> command as follows:</para><code-block>S:\&gt; GetSource [options] &lt;component&gt; [&lt;version&gt;]</code-block><para>where:</para><list><ls.item><para><code>&lt;component&gt;</code> is the name of the currently installed component release in your environment for which you want to fetch the source.</para></ls.item><ls.item><para><code>&lt;version&gt;</code> is the version number of the component for which you want to fetch the source code (if not specified, the current version is fetched by default).</para></ls.item></list><para><code>[options]</code> could be any of the following flags:</para><list><ls.item><para><code>-i</code>  specifies the installation directory (other than default).</para></ls.item><ls.item><para><code>-o</code>  allows you to overwrite any existing source (without prompting).</para></ls.item><ls.item><para><code>-h</code>  displays help information.</para></ls.item><ls.item><para><code>-v</code>  provides verbose output (<code>-vv</code> very verbose).</para></ls.item></list></section><section><heading>Using <code>GetRel</code> and <code>GetEnv</code></heading><para>As an alternative to the <code>GetSource</code> command you can also fetch source when retrieving individual component releases or baselines. Use the <code>-s</code> flag as follows:</para><code-block>S:\&gt; GetEnv -s &lt;component&gt; [&lt;version&gt;]</code-block><para>This will fetch the binaries and source code for all components in the environment belonging to the
specified component.
</para><para><bold>NOTE:</bold> This installs a large amount of source code, which may take some time, and will take up a lot of space in your development area.</para><code-block>S:\&gt; GetRel -s &lt;component&gt; [&lt;version&gt;]</code-block><para>This will fetch the binaries and source code for the specified component release only.</para><para><bold>NOTE:</bold> The CBR tools do not enable you to keep track of source code and find out about changes. This is done through you Source Code Management system.</para></section><section><heading>Removing source code</heading><para>To remove source code only for a particular component, you can use the <code>RemoveSource</code> command as follows:</para><code-block>S:\&gt; RemoveSource &lt;component&gt; [&lt;version&gt;]</code-block><para><bold>NOTE:</bold> This removes source files only, not binaries. To remove the whole component release, use <code>RemoveRel</code>, as described in <emph>Cleaning your development area</emph> within <xref target="CBRMaintaining.guide">Maintaining your development area</xref>. </para></section><section> 
	  <heading>See also</heading> 
	  <list><ls.item><para>	<xref target="CBRWorking.guide">Working with component releases</xref>
		</para></ls.item><ls.item><para><xref target="CBRRetrieving.guide">Retrieving component releases</xref>						
		</para></ls.item><ls.item><para><xref target="CBRMaintaining.guide">Maintaining your development area</xref>
		</para></ls.item><ls.item><para><xref target="CBRDefining.guide">Defining your components</xref>
		</para></ls.item><ls.item><para><xref target="MRPCreating.guide">Creating a typical MRP file</xref></para></ls.item><ls.item><para>
	   <xref target="MRPfileMore.guide">More about MRP files</xref>
		</para></ls.item><ls.item><para>		<xref target="CBRPreparing.guide">Preparing components for release</xref></para></ls.item><ls.item><para><xref target="MRPTesting.guide">Fixing problems with MRP files</xref>			
		</para></ls.item></list> 
	</section></section></general-guide-doc>
