<?xml version="1.0"?>
<!DOCTYPE general-guide-doc SYSTEM "guide.dtd">
<general-guide-doc>
<section><heading>Making a component release</heading>
<anchor name="CBRReleasing.guide"/>
<!--<para>Author:   Date  Release: Comment</para>-->
<!--<para>ElisabethM  06Nov2003 </para>-->
<!--<para>Include sections of Options line and Condition Block.</para>-->
<para>After preparing a component for release, see <xref target="CBRPreparing.guide">Preparing components for release</xref>,  you are able to  make the actual component release. This involves setting up an additional archive in your <file>reltools.ini</file> file and then using the command <code>MakeEnv</code> to make releases of each component that has its status set to "<code>pending release</code>".</para><para><bold>NOTE:</bold> Once you have made a successful component release, others are able to  install it. </para><para>To set up an additional archive in the <file>reltools.ini</file> file, add the following statement:</para><code-block>archive_path &lt;project_name&gt; &lt;local_path&gt;</code-block><para>where:</para><list><ls.item><para><code>&lt;project_name&gt;</code> is what you decide to name the local archive.</para></ls.item><ls.item><para><code>&lt;local_path&gt;</code> is the directory path for the local archive, either on your local machine or on a network share.</para></ls.item></list><para>For example:</para><code-block>archive_path my_test S:\Componenttests\my_test</code-block><para></para><para>To make the component release, type the following from command line:</para><code-block>S:\&gt; MakeEnv -wv project_name [options]</code-block><para>where:</para><list><ls.item><para><code>-w</code> enables you to make a release of the whole environment in the specified project archive.</para></ls.item><ls.item><para><code>&lt;project_name&gt;</code> is the name of the project archive set up in the <file>reltools.ini</file> file. </para></ls.item><ls.item><para><code>-v</code> provides verbose output, so you can view any problems.</para></ls.item></list><para><code>[options] </code>could be any of the following additional flags:</para><list><ls.item><para><code>-n &lt;note_src_file&gt;</code> compiles all the release notes using a single source file (see the on-line Release Tools manual for more information on writing release notes).</para></ls.item><ls.item><para><code>-h</code> displays help information.</para></ls.item></list><para>If the release is successful, the set of component releases specified in your environment will be added to your local  archive.
If problems are reported, you may need to go trough <xref target="CBRPreparing.guide">Preparing components for release</xref> and <xref target="MRPTesting.guide">Fixing problems with MRP files</xref> again, to make sure that all the issues are resolved.</para><section> 
	  <heading>See also</heading> 
	  <list><ls.item><para><xref target="CBRMaintaining.guide">Maintaining your development area</xref>
		</para></ls.item><ls.item><para><xref target="CBRDefining.guide">Defining your components</xref>
		</para></ls.item><ls.item><para><xref target="MRPCreating.guide">Creating a typical MRP file</xref></para></ls.item><ls.item><para>
	   <xref target="MRPfileMore.guide">More about MRP files</xref>
		</para></ls.item><ls.item><para><xref target="CBRSourceFetch.guide">Fetching source code</xref>
		</para></ls.item><ls.item><para><xref target="MRPTesting.guide">Fixing problems with MRP files</xref>			
		</para></ls.item><ls.item><para><xref target="CBRExamining.guide">Examining component releases</xref>
	   </para></ls.item><ls.item><para><xref target="CBRExample.guide">Example - Creating a component release</xref>	</para></ls.item></list> 
	</section></section></general-guide-doc>
