<?xml version="1.0"?>
<!DOCTYPE general-guide-doc SYSTEM "guide.dtd">
<general-guide-doc>
    <section>
        <heading>Creating a typical MRP file</heading>
        <anchor name="MRPCreating.guide"/>
        <para>Component definition files (<code>.mrp</code> files) can be created in a simple text editor, by inserting these statements followed by their relevant arguments into a text file:</para>
        <list>
            <ls.item><para><code>component</code></para></ls.item>
            <ls.item><para><code>notes_source</code></para></ls.item>
            <ls.item><para><code>source</code></para></ls.item>
            <ls.item><para><code>exports</code></para></ls.item>
            <ls.item><para><code>binary</code></para></ls.item>
            <ls.item><para><code>ipr</code></para></ls.item>
        </list>
        <para>This means that a typical <file>.mrp</file> file looks as follows:</para>
        <code-block>component viewsrv
notes_source \&lt;project_name&gt;\release.src
source \app-framework\viewsrv      # here's a comment 
exports \app-framework\viewsrv\group
binary \app-framework\viewsrv\group all
ipr E
        </code-block>
        <para>The syntax of these statements are described in the steps below.</para>
        <section>
            <heading>Adding compulsory component information</heading>
            <para>Open a text editor and insert these lines in the following format:</para>
            <code-block>component &lt;component&gt;
            notes_source \&lt;directory_path&gt;\release.src </code-block>
            <para>where:</para>
            <list>
                <ls.item><para><code>&lt;component&gt;</code> is the name of the component, for example "<code>viewsrv</code>".</para></ls.item>
                <ls.item><para><code>&lt;directory_path&gt;</code> is the location of the Release Notes file (<file>release.src</file>), for example the project folder.</para>
                         <para>These two lines can be inserted anywhere in the file.</para></ls.item>
            </list>
        </section>
        <section>
            <heading>Adding source files</heading>
            <para>Add the location of the directory containing all the source files for your particular component as follows:</para>
            <code-block>source \&lt;source_path&gt;</code-block>
            <para>where:</para>
            <list>
                <ls.item><para><code>&lt;source_path&gt;</code> is the location of the directory containing all source files for your components, for example "<code>app-framework\viewsrv\</code>".</para></ls.item>
            </list>
        </section>
        <section>
            <heading>Adding binary files</heading>
            <para>Create a list of binary files for the component by adding the following statement in the <file>.mrp</file> file:</para>
            <code-block>binary \&lt;binary_path&gt;\group all</code-block>
            <para>where</para>
            <list>
                <ls.item><para><code>&lt;binary_path&gt;\group</code>  is the location of the directory location of the component's <file>bld.inf</file> file, for example "<code>app-framework\viewsrv\</code>".</para></ls.item>
                <ls.item><para><code>all</code> is the statement instructing the <code>abld target -what</code> command in the Symbian OS build tools to assign a list of binary files to the component when it is released.</para>
                         <para>The build targets included in the <code>all</code> statement need to be defined in a "target alias" file called <file>cbrtargetalias.cfg</file> within <file>[EPOCROOT]\epoc32\tools\variant</file>. You can also use the statement <code>all_alias</code> instead of <code>all</code>, to extend the build targets further. See the <xref target="CBR_Installation.index">CBR Tools Installation Guide</xref> for more details.</para></ls.item>
            </list>
            <para>This means that a list of binary files will be assigned to that component when the Symbian OS build is componentised.</para>
        </section>
        <section>
            <heading>Adding export information</heading>
            <para>Create a list of exported files for the component by adding the following statement in the <file>.mrp</file> file:</para>
            <code-block>exports \&lt;export_path&gt;\group &lt;dependant_component&gt;</code-block>
            <para>where:</para>
            <list>
                <ls.item><para><code>&lt;export_path&gt;\group</code> is the location of the directory containing all the exported files and the <file>bld.inf</file> file for your component, for example "<code>app-framework\viewsrv\</code>".</para></ls.item>
                <ls.item><para><code>exports</code> is the statement instructing the <code>abld export -what</code> command in Symbian OS build tools to create a list of exported files when the component is released.</para></ls.item>
                <ls.item><para><code>dependant_component</code> is the component which includes the files to be exported as source.  If the exports are included as source for the current component then the dependant component information does not need to be entered.</para></ls.item>
            </list>
            <para>This means that the list of exported files will automatically be assigned to that component when the Symbian OS build is componentised.</para><para><bold>NOTE:</bold> If the <file>bld.inf </file>file of your component makes use of custom makefiles, you need to make sure that the <code>RELEASABLES</code> section of the custom makefile is correct, otherwise the binary files and exports will not be listed.</para>
        </section>
        <section> 
            <heading>Adding IPR information</heading> 
            <para>From CBR Tools version 2.83.1001 it is possible to include IPR information in MRP files (compulsory internally), rather than having to maintain distribution policy files.</para>
            <para><bold>NOTE:</bold> If you are not specifying IPR information in MRP files then add the <code>use_distribution_policy_files_first</code> directive to your <file>reltools.ini</file>.  This will ensure that distribution.policy files are used by default, and MRP files will only by used for obtaining IPR information if the required distribution.policy does not exist.</para>
            <para>The syntax is</para>
            <code>ipr [export-restricted] type [directory]</code>
            <para>e.g.</para> 
            <code>ipr E \src\cedar\generic\base\e32\drivers\sdio</code>
            <para>Every MRP containing source will have at least one "ipr" directive. An ipr directive with no directory is the default IPR for the entire component.</para>
            <para>Directives are processed in order, so the default IPR can be overridden for specific directories.</para>
            <para>For example:</para>
            <code-block>
component openenv
source \src\common\generic\openenv\core

binary \src\common\generic\openenv\core\group all
exports \src\common\generic\openenv\core\group

notes_source \component_defs\release.src

ipr D
ipr T \src\common\generic\openenv\core\libc\test
ipr T \src\common\generic\openenv\core\libpthread\test
ipr E \src\common\generic\openenv\core\backend\src
ipr D \src\common\generic\openenv\core\backend\src\syscall
ipr T \src\common\generic\openenv\core\backend\test
ipr T \src\common\generic\openenv\core\libm\test
ipr T \src\common\generic\openenv\core\libdl\test
ipr T \src\common\generic\openenv\core\test
ipr E \src\common\generic\openenv\core\liblogger
            </code-block>
            <para>Since the majority of the component is type D, that is the default. All directories in "backend\src" are type E, except for "syscall", so one option is to just say "backend\src" is type E and "backend\src\syscall" is type D. The alternative would be to not list "backend\src" and explicitly state the 3 directories of E (allowing "syscall" to inherit the default IPR).</para>
            <para><bold>NOTE:</bold> ipr directives only apply to files already included in the package -- it will not cause extra files to be included. This means that it's safe to have a line like:</para>
            <code>ipr E \src\common\generic</code>
            <para>and not accidentally apply the IPR to files not owned by the component.</para>
        </section>
        <section> 
            <heading>See also</heading> 
            <list>
                <ls.item><para><xref target="CBRDefining.guide">Defining your components</xref></para></ls.item>
                <ls.item><para><xref target="MRPfileMore.guide">More about MRP files</xref></para></ls.item>
                <ls.item><para><xref target="CBRPreparing.guide">Preparing components for release</xref></para></ls.item>
                <ls.item><para><xref target="MRPTesting.guide">Fixing problems with MRP files</xref></para></ls.item>
            </list> 
        </section>
    </section>
</general-guide-doc>