<?xml version="1.0"?>
<!DOCTYPE general-guide-doc SYSTEM "guide.dtd">
<general-guide-doc>
<section><heading>Fixing problems with MRP files</heading>
<anchor name="MRPTesting.guide"/>
<!--<para>Author:   Date  Release: Comment</para>-->
<!--<para>ElisabethM  06Nov2003 </para>-->
<!--<para>Include sections of Options line and Condition Block.</para>-->
<para>Once you have modified and  prepared your component for release, you need to run the <code>EnvInfo -f </code>command (as described in <xref target="CBRMaintaining.guide">Maintaining your development area</xref>) to check the status of your components. This will list which components you have installed on your development drive, including any problems that would prevent you (or somebody else) from making a release using the <file>.mrp</file> file you have defined.</para><section><heading>Checking component status</heading><para>The <code>EnvInfo -f</code> command reports a "status" for each component. It also reports an "overall status" for your whole environment. The overall status is shown as "<code>dirty</code>" for any of the following reasons:</para><list><ls.item><para>	any of the components are "<code>dirty</code>" (i.e. you have changed them since you installed them, but they are not pending release)
</para></ls.item><ls.item><para>any file in <file>\epoc32</file> is not owned by a component</para></ls.item><ls.item><para>any binary file is owned by more than one component.</para></ls.item></list><para>These particular problems will also be reported as warnings. Your aim is to fix all these problems so that the overall status is "<code>pending release</code>". You (or somebody else) are not able  to make  a release unless the status is "<code>pending release</code>". </para><para>
See the instructions in  <xref target="CBRDefining.guide">Defining your components</xref>  about maintaining component definition files.
</para><para>The reason you need to resolve all these problems is because one of the key features of the CBR tools to guarantee that you can reproduce your environment, i.e. an entire \epoc32 tree from available component releases.
</para></section><section><heading>False negatives</heading><para>Sometimes timestamps of binary files may have changed even though the files themselves have not changed (when rebuilding without changing anything, for example). This means that components can be reported as "<code>dirty</code>" when in fact they are not. 
</para><para>You can solve this problem by requesting a more thorough comparison using a command called <code>ValidateRel</code>. See the on-line Release tools manual for further details on this command.
</para></section><section> 
	  <heading>See also</heading> 
	  <list><ls.item><para><xref target="CBRMaintaining.guide">Maintaining your development area</xref>
		</para></ls.item><ls.item><para><xref target="CBRDefining.guide">Defining your components</xref>
		</para></ls.item><ls.item><para><xref target="MRPCreating.guide">Creating a typical MRP file</xref></para></ls.item><ls.item><para>
	   <xref target="MRPfileMore.guide">More about MRP files</xref>
		</para></ls.item><ls.item><para><xref target="CBRSourceFetch.guide">Fetching source code</xref>
		</para></ls.item><ls.item><para>		<xref target="CBRPreparing.guide">Preparing components for release</xref></para></ls.item><ls.item><para><xref target="CBRReleasing.guide">Making a component release</xref>
		</para></ls.item></list> 
	</section></section></general-guide-doc>
