<?xml version="1.0"?>
<!DOCTYPE general-guide-doc SYSTEM "guide.dtd">
<general-guide-doc>
<section><heading>Retrieving component releases</heading>
<anchor name="CBRRetrieving.guide"/>
<!--<para>Author:   Date  Release: Comment</para>-->
<!--<para>ElisabethM  21Jul2003 </para>-->
<!--<para>Include sections of Options line and Condition Block.</para>-->
<para>It is possible to retrieve either whole baselines or individual component releases using the CBR tools.</para><section><heading>Getting baselines</heading>
<para>To be able to retrieve a set of components, i.e. a whole baseline to work with in your development area, you only need to use one command, called <code>GetEnv</code>.</para><para>This command installs the whole environment of a baseline component. When providing a single component name and version number, this command installs all the binary files for the components in the environment of that particular release (i.e. all the components present when it was created). 
</para><para>All the component archives listed in the <file>reltools.ini</file> file (see the <xref target="CBR_Installation.index">CBR Tools Installation Guide</xref>) are searched through by the command in order to find the correct component releases, so you don't need to specify a particular archive.
</para><para><bold>NOTE:</bold> Source code can be installed using the <code>GetEnv</code> command and an <code>-s</code> flag. However, it is usually not recommended, as all source code for the whole environment would then be installed. See <xref target="CBRSourceFetch.guide">Fetching source code</xref> for more information on how to install source code for individual components.
</para><para>The <code>GetEnv</code> command does not install component releases that you already have installed (and have not modified). Because few components typically change between overnight builds, this makes it quick and easy to update to new baselines. 
</para>
<section><heading>Using <code>GetEnv</code></heading><para>To use the <code>GetEnv</code> command, simply type the following from your substituted drive:</para><code-block>S:\&gt; GetEnv [options] &lt;component&gt; &lt;version&gt;</code-block><para>where:</para><list><ls.item><para><code>&lt;component&gt;</code> is the name of the component, for example<code> GT_Techview_Baseline</code>. Typically this would be a baseline component; to indicate that you want to install that labelled release of Symbian OS.</para></ls.item><ls.item><para><code>&lt;version&gt;</code> is the version of the component, for example <code>gt_v70_009</code>.</para></ls.item></list><para><code>[options]</code> could be any of the following flags:</para><list><ls.item><para><code>	-s</code> installs source code as well.</para></ls.item><ls.item><para><code>	-i</code>  installation directory for the source.</para></ls.item><ls.item><para><code>-o</code> overwrites any existing source and binaries (including the component's pending release).</para></ls.item><ls.item><para><code>	-h</code> displays help.</para></ls.item><ls.item><para><code>	-v</code> provides verbose output (<code>-vv</code> very verbose).</para></ls.item></list><para>A typical example is shown below:
</para><para><code>S:\&gt; GetEnv GT_Techview_Baseline gt_v70_009</code></para></section><section><heading>Viewing information about components</heading><para>To work out which component or baseline to install, use the following commands:</para><list><ls.item><para><code>ListComponents</code></para></ls.item><ls.item><para><code>LatestVer</code></para></ls.item><ls.item><para><code>ViewNotes</code>.</para></ls.item></list><para>See the on-line Release Tools manual for more details on these commands.
</para></section></section><section><heading>Getting individual component releases</heading>
<para>Sometimes you may need to install individual component releases instead of the whole environment. This is, for example, particularly useful when you need to reinstall only one dirty component to make it clean or update an existing component to a later version to include a fix. Working on a release-by-release basis also makes it easier for you to swap information with other engineers, speeding up the workflow. 
</para><para>The command for installing individual releases is called <code>GetRel</code>. But before using this command you need to know which releases are available to install. Simply use the <code>LatestVer</code>, <code>ListComponents</code> or <code>ViewNotes</code> commands (described in the on-line Release Tools manual), or word-of-mouth.</para>
<section><heading>Using <code>GetRel</code></heading><para>To install a particular release, type the following from command line:</para><para><code>S:\&gt; GetRel [options] &lt;component&gt; [&lt;version_number&gt;]</code></para><para>where:</para><list><ls.item><para><code>&lt;component&gt;</code> is the name of the component release to install, for example <code>bafl</code>.</para></ls.item><ls.item><para><code>&lt;version_number&gt;</code> is the version of the component to install, for example <code>003</code>.</para></ls.item></list><para><code>[options]</code> could be one of the following flags:</para><list><ls.item><para><code>	-s</code> installs source code (see <xref target="CBRSourceFetch.guide">Fetching source code</xref> for more details).</para></ls.item><ls.item><para><code>	-o</code> overwrites any existing source.</para></ls.item><ls.item><para><code>	-p</code> specifies a list of component releases to fetch.</para></ls.item><ls.item><para><code>-h</code> displays help information.</para></ls.item><ls.item><para><code>-v</code> provides verbose output (<code>-vv</code> very verbose).</para></ls.item></list><para>This information would be displayed if you specified to install component release <code>base_bafl 003</code>:
</para><code-block>Removing base_bafl 002
Installing base_bafl 003</code-block></section></section><section> 
	  <heading>See also</heading> 
	  <list><ls.item><para>	<xref target="CBRWorking.guide">Working with component releases</xref>
		</para></ls.item><ls.item><para><xref target="CBRMaintaining.guide">Maintaining your development area</xref>
		</para></ls.item><ls.item><para><xref target="CBRDefining.guide">Defining your components</xref>
		</para></ls.item><ls.item><para><xref target="CBRSourceFetch.guide">Fetching source code</xref>
		</para></ls.item><ls.item><para>		<xref target="CBRPreparing.guide">Preparing components for release</xref></para></ls.item><ls.item><para><xref target="MRPTesting.guide">Fixing problems with MRP files</xref>			
		</para></ls.item><ls.item><para><xref target="CBRExamining.guide">Examining component releases</xref>
	   </para></ls.item></list> 
	 
	</section></section></general-guide-doc>
