<?xml version="1.0"?>
<!DOCTYPE general-guide-doc SYSTEM "guide.dtd">
<general-guide-doc>
<section><heading>Working with component releases</heading>
<anchor name="CBRWorking.guide"/>
<!--<para>Author:   Date  Release: Comment</para>-->
<!--<para>ElisabethM  06Nov2003 </para>-->
<!--<para>Include sections of Options line and Condition Block.</para>-->
<para>This User Guide  describes both the specific processes required for development teams in order to maintain and create component releases and the specific processes required for the Integration team in order to make a baseline component release or to import / export  releases from / to a remote archive.</para><para> These processes all form part of the wider software development cycle that enables a complete product quality baseline of Symbian OS  components using the Release tools.</para><para>The following specific processes are required  by both Development and Integration teams:</para><list><ls.item><para>Retrieving baselines and component releases</para></ls.item><ls.item><para>Defining / editing components</para></ls.item><ls.item><para>Maintaining a development drive</para></ls.item><ls.item><para>Preparing for release</para></ls.item><ls.item><para>Fetching source code</para></ls.item><ls.item><para>Making component releases</para></ls.item><ls.item><para>Examining releases.</para></ls.item></list><para>The following additional specific processes are required by the Integration team:</para><list><ls.item><para>Making a baseline component release (product release)</para></ls.item><ls.item><para>Importing a baseline</para></ls.item><ls.item><para>Exporting a baseline.</para></ls.item></list><section><heading>Using the CBR tools during development</heading><para>The main areas that will change your way of working as a developer when using the Release Tools are:</para><list><ls.item><para>Before you start any development work, you may want to ensure that (a) you've got the latest baseline (using <code>GetEnv</code> and <code>GetRel</code>) and that (b) your environment is clean (using <code>CleanEnv</code>).</para></ls.item><ls.item><para>If you make any major change to a component you should always update the <file>.mrp</file> file and then check it by preparing it for release (using <code>PrepRel</code>) and scanning the environment (using <code>EnvInfo -ff)</code>, so you can solve any problems.</para></ls.item><ls.item><para>Whilst you are debugging you may optionally need to use <code>GetSource</code> to fetch source code for any component or <code>GetRel</code> to install individual components (released by other teams) for testing purposes.</para></ls.item></list><para>As a result, you (as a developer) constantly need to keep track of the changes you make to components on your development drive. You will need to know when to update component definition files, when to retrieve new components and baselines, and how to fix any problems that occur when you prepare components for release, and then optionally make a release (using <code>MakeEnv</code>).</para><section><heading>Workflow process</heading><para>The overall workflow for a development team can be broken down further into the following steps:
</para><list><ls.item><para><bold>Step 1 - Retrieving baselines or individual component releases</bold></para><para>From your development area (set up during installation), retrieve a whole baseline of components from the archive by typing <code>GetEnv</code> from command line.</para><para>The path of the release archive should be set up in the <file>reltools.ini</file> file (see the <xref target="CBR_Installation.index">CBR Tools Installation Guide</xref>).</para><para>You can also choose to install individual component releases by typing <code>GetRel &lt;component&gt;</code> from command line.</para><para><bold>NOTE:</bold> You will only retrieve binary files at this stage.</para></ls.item><ls.item><para><bold>Step 2 - Changing source and binary files for components</bold></para><para>Make the relevant changes to the source and binary files for your component (mainly through rebuilding source code) in your development area. 

</para><para><bold>NOTE:</bold> Any source code changes should be updated in the Source Code Management system, following the standard procedures of the  development teams in your organisation.
</para></ls.item><ls.item><para><bold>Step 3 - Maintaining your development area</bold></para><para>As you start developing and updating code, you may lose track of what you have changed in your development area. This can make it harder to find the cause of problems. The Release Tools can report on which components you have installed, and what you have changed since you installed them. This process of maintaining your development area is recurring throughout the whole development cycle.
</para><para>Check the status of your environment to find out whether your component and any other components are "<code>dirty</code>" as a result of your changes, by typing <code>EnvInfo -f</code>.
</para><para>You can also use the command <code>CleanEnv</code> to automatically reset your development area to its original state.
</para></ls.item><ls.item><para><bold>Step 4 - Creating / editing MRP files</bold></para><para>	Edit the component definition file (<file>.mrp</file>) accordingly in the Group folder of your component area in your development area.</para><para> 

See<xref target="CBRDefining.guide">Defining your components</xref>, <xref target="MRPCreating.guide">Creating a typical MRP file</xref> and <xref target="MRPTesting.guide">Fixing problems with MRP files</xref> on how to edit the <file>.mrp</file> file and to make sure that all changed and new binary files are accounted for. Steps 3-5 are part of an iterative process.
</para></ls.item><ls.item><para><bold>Step 5 - Preparing the component for release</bold></para><para>If you change your <file>.mrp</file> file, you will need to check your changes are correct. To do this, you need to inform the tools that somebody will be using that <file>.mrp</file> file to make a release of that component.</para><para>Prepare your updated component for release by typing <code>PrepRel &lt;component&gt; &lt;version&gt;</code> from command line. See <xref target="CBRPreparing.guide">Preparing components for release</xref> for more information on how to prepare components for release.</para><para>Once you have prepared the component for release, you can check the status of your environment again, by typing <code>EnvInfo - f</code> from command line.  If the overall status is "<code>dirty</code>", repeat steps 3, 4 and 5 as required until the overall status is reported as "<code>pending release</code>".</para></ls.item><ls.item><para><bold>Step 6  - Submitting to your Source Code Management System</bold></para><para>Add and submit the changed <file>.mrp</file> file on your substituted drive to the Group directory of your component area in the  Development branch of your Source Code Management System, for example <file>app_framework\viewsrv\group</file>.</para><para>Use the standard submission process for submitting work from a Development branch to a Release branch in your Source Code Management System.</para></ls.item></list></section></section><section><heading>Using the CBR tools to make baseline releases</heading><para>The workflow for an Integration team is not as straightforward, as this team needs to know about making releases and fixing problems to a larger extent. The tasks which are usually peformed by integrators using the CBR tools are:</para><list><ls.item><para><bold>Making a baseline release</bold></para><para>Once developers have prepared new / modified components for release (or made individual component releases, see <xref target="CBRPreparing.guide">Preparing components for release</xref>}, it is the task of the Integration team to inlude in a new or existing baseline release.  This involves using the command <code>MakeEnv</code> to make a release of the baseline component, but also first making sure it  has its status set to "<code>pending release</code>".</para></ls.item><ls.item><para><bold>Fixing problems</bold></para><para>To make sure the baseline component release reaches the status "<code>pending release</code>", there might be several problems that need to be solved first. These are usually similar to the <file>.mrp</file> file errors encountered by developers, as described in <xref target="MRPTesting.guide">Fixing problems with MRP files</xref>.</para></ls.item><ls.item><para><bold>Importing / exporting baselines</bold></para><para>The process of importing and exporting baselines usually resides within the Integration team, and involves configuring the <file>reltools.ini</file> file to set up both local and remote archives, creating export tables, and using the commands <code>ImportEnv</code> and <code>ExportEnv</code>.</para></ls.item></list></section><section> 
	  <heading>See also</heading> 
	  <list><ls.item><para><xref target="CBRRetrieving.guide">Retrieving component releases</xref>						
		</para></ls.item><ls.item><para><xref target="CBRMaintaining.guide">Maintaining your development area</xref>
		</para></ls.item><ls.item><para><xref target="CBRDefining.guide">Defining your components</xref>
		</para></ls.item><ls.item><para><xref target="MRPCreating.guide">Creating a typical MRP file</xref></para></ls.item><ls.item><para>
	   <xref target="MRPfileMore.guide">More about MRP files</xref>
		</para></ls.item><ls.item><para><xref target="CBRSourceFetch.guide">Fetching source code</xref>
		</para></ls.item><ls.item><para>		<xref target="CBRPreparing.guide">Preparing components for release</xref></para></ls.item><ls.item><para><xref target="MRPTesting.guide">Fixing problems with MRP files</xref>			
		</para></ls.item><ls.item><para><xref target="CBRReleasing.guide">Making a component release</xref>
		</para></ls.item><ls.item><para><xref target="CBRExamining.guide">Examining component releases</xref>
	   </para></ls.item><ls.item><para><xref target="CBRImporting.guide">Importing component releases</xref>			
	   </para></ls.item><ls.item><para><xref target="CBRExporting.guide">Exporting component releases</xref>					
	   </para></ls.item><ls.item><para><xref target="CBRExample.guide">Example - Creating a component release</xref>	</para></ls.item></list> 
	 
	</section></section></general-guide-doc>
