<?xml version="1.0"?>
<!DOCTYPE general-guide-doc SYSTEM "guide.dtd">
<general-guide-doc>
<section><heading>Maintaining your development area</heading>
<anchor name="CBRMaintaining.guide"/>
<!--<para>Author:   Date  Release: Comment</para>-->
<!--<para>ElisabethM  06Nov2003 </para>-->
<!--<para>Include sections of Options line and Condition Block.</para>-->
<para>The CBR tools allow you to keep track of which  components you have installed in your development area and which components you have changed. This makes it easier for you to reproduce any issues / errors you may discover and try to fix when preparing for a component release.</para><para>The CBR tools can report on which components you have installed, and what you have changed since you installed them. This process of maintaining your development area  can provide you with valuable extra awareness at every stage of your development cycle.</para><section><heading>Checking the contents of your environment</heading><para>To simply check which components you have installed in your environment within your development area, you can use the command <code>EnvInfo</code>. This command is very useful for checking names and versions of the component releases of your current environment, and can be used at any time as follows:</para><code-block>S:\&gt; EnvInfo [options] [&lt;component&gt;]</code-block><para>Without a component name, this shows a list of the component names and versions of the releases available in the current environment, for example;</para><code-block>
Component 		Version
6to4			     001
agnmodel		  004
albatross		 007
bafl 			    003
</code-block><para>where:</para><list><ls.item><para><code>[options]</code> include a list of flags that enable you to view even more detailed 
information about installed components, see the <emph>Checking further information</emph> section  below.
</para></ls.item><ls.item><para><code>&lt;component&gt;</code> is the name of a specific component for which you want to check the 
version number, for example <code>bafl</code>. This would produce the following result:</para><code-block>
Component 		Version
Bafl			     003
</code-block></ls.item></list><section><heading>Tracking changes</heading><para>It is easy to lose track of what is in your development area, and what you have changed. This problem becomes particularly bad when you can install any arbitrary components using <code>GetRel</code>. The CBR tools therefore provide the means to identify what you have installed, and what you have changed.
</para><para>All the components you have installed form an "environment", and there are several commands available for maintaining this environment:</para><list><ls.item><para><code>EnvInfo -f</code> - scans the environment to check the status of components.</para></ls.item><ls.item><para><code>EnvInfo</code> - simply shows the contents of the environments installed.</para></ls.item><ls.item><para><code>CleanEnv</code> - returns your development area to a clean state. </para></ls.item></list><para>Component releases are labelled with a status in order to distinguish which components have been modified. The status of the components can be:</para><list><ls.item><para>"<code>Clean</code>" - the component is identical to  when you installed it.
</para></ls.item><ls.item><para>"<code>Dirty</code>" - the component has changed since you installed it.</para></ls.item><ls.item><para>"<code>Pending release</code>" - the component is ready to be released. (See <xref target="CBRPreparing.guide">Preparing components for release</xref> for more information about this status.)
</para></ls.item></list><para>The status of a component allows you to quickly check what has been modified in your development area. It is worked out during the <code>EnvInfo</code> scan, by comparing the timestamps of the binary files with those that you installed.</para><para>To check the status of your components, you need to use a command called <code>EnvInfo</code>, with the <code>-f</code> flag as follows:</para><code-block>S:\&gt; EnvInfo -f</code-block><para>The timestamps of the binary files belonging to the components in your environment are then scanned and a list is displayed, containing information about all components (or a specified one) in your environment.</para><para>The list shows the component name, version number, project and status as shown in the example below:</para><code-block>
Component    Version        Project	  Status
6to4         gt_v70_009    gt        clean
agendarefui	 refui_v70_002	gt		      clean
agnmodel     gt_v70_016    gt        dirty
</code-block></section><section><heading>Checking further information</heading><para>To view more specific or further information about the components you can also use the <code>EnvInfo</code> command with the following flags:</para><list><ls.item><para><code>	-ff</code> displays more details, such as internal version number and the <file>.mrp</file> file name.</para></ls.item><ls.item><para><code>	-fc</code> displays the components with status "<code>clean</code>" only.</para></ls.item><ls.item><para><code>-fd</code> displays the components with status "<code>dirty</code>" only.</para></ls.item><ls.item><para><code>	-fp</code> displays the components with status "<code>pending release</code>" only (see the on-line Release Tools manual for more details on this).</para></ls.item><ls.item><para><code>-n</code> excludes the scanning process.</para></ls.item><ls.item><para><code>-h</code> displays help information.</para></ls.item><ls.item><para><code>-v</code> provides verbose output (<code>-vv</code> very verbose).</para></ls.item></list></section></section><section><heading>Cleaning your development area</heading><para>If you have several dirty components within your development area, you can reset the whole environment to a "<code>clean</code>" state by using the command <code>CleanEnv</code>. This will replace any "dirty" components with the "clean", original components taken from the archive, and delete any files not owned by a component. 
</para><para>This may be useful when you have lost track of what has been changed on your development drive.
To use this command, type:</para><code-block>S:\&gt; CleanEnv [options]</code-block><para>The following information is then displayed, for example:</para><code-block>Scanning environment…
bafl 003 is dirty - reinstall? [y/n] y
f32 002 is dirty - reinstall? [y/n] y
Files without ownership:
\epoc32\release\arm4\udeb\fishy.dllDelete? [y/n] y
Environment cleaned.
</code-block><para>Answer <code>yes</code> to the questions about reinstalling and deleting to reset your environment to a clean state.
</para><para>The following options can also be used:</para><list><ls.item><para><code>	-f</code> forces cleaning without prompting.</para></ls.item><ls.item><para><code>-r </code>really cleans the environment by including the following directories in the scan; <file>epoc32\wins[cw]\c</file> and <file>\epoc32\build</file>.</para></ls.item><ls.item><para><code>-h</code> displays help information.</para></ls.item><ls.item><para><code>-v</code> provides verbose output (<code>-vv</code> very verbose).
</para></ls.item></list></section><section> 
	  <heading>See also</heading> 
	  <list><ls.item><para>	<xref target="CBRWorking.guide">Working with component releases</xref>
		</para></ls.item><ls.item><para><xref target="CBRRetrieving.guide">Retrieving component releases</xref>						
		</para></ls.item><ls.item><para><xref target="CBRDefining.guide">Defining your components</xref>
		</para></ls.item><ls.item><para><xref target="CBRSourceFetch.guide">Fetching source code</xref>
		</para></ls.item><ls.item><para>		<xref target="CBRPreparing.guide">Preparing components for release</xref></para></ls.item><ls.item><para><xref target="MRPTesting.guide">Fixing problems with MRP files</xref>			
		</para></ls.item><ls.item><para><xref target="CBRReleasing.guide">Making a component release</xref>
		</para></ls.item><ls.item><para><xref target="CBRExamining.guide">Examining component releases</xref>
	   </para></ls.item><ls.item><para><xref target="CBRExample.guide">Example - Creating a component release</xref>	</para></ls.item></list> 
	</section></section></general-guide-doc>
