<?xml version="1.0"?>
<!DOCTYPE index-page SYSTEM "index.dtd">
<index-page> 
  <heading>CBR Tools User Guide</heading><anchor name="CBR_User.index"/> 
  <contents>
    <xref target="CBRWorking.guide">Working with component releases</xref>
    <xref target="CBRRetrieving.guide">Retrieving component releases</xref>						
    <xref target="CBRMaintaining.guide">Maintaining your development area</xref>
    <xref target="CBRDefining.guide">Defining your components</xref>
    <xref target="MRPCreating.guide">Creating a typical MRP file</xref>
    <xref target="MRPfileMore.guide">More about MRP files</xref>
    <xref target="CBRSourceFetch.guide">Fetching source code</xref>
    <xref target="CBRPreparing.guide">Preparing components for release</xref>
    <xref target="MRPTesting.guide">Fixing problems with MRP files</xref>			
    <xref target="CBRReleasing.guide">Making a component release</xref>
    <xref target="CBRExamining.guide">Examining component releases</xref>
    <xref target="CBRImporting.guide">Importing component releases</xref>			
    <xref target="CBRExporting.guide">Exporting component releases</xref>					
    <xref target="ImportCBR.guide">How to configure the CBR tools for importing / exporting</xref>
    <xref target="CBRExample.guide">Example - Creating a component release</xref>					
  </contents>
</index-page>
