<?xml version="1.0"?>
<!DOCTYPE general-guide-doc SYSTEM "guide.dtd">
<general-guide-doc>
<section><heading>More about MRP files</heading>

<!--<para>Author:   Date  Release: Comment</para>-->
<!--<para>ElisabethM  06Nov2003 </para>-->
<!--<para>Include sections of Options line and Condition Block.</para>-->
<anchor name="MRPfileMore.guide"/><para>The following sections describe further information that may be useful when maintaining the <file>.mrp</file> files once they have been created.
</para><section><heading>Listing all source files</heading><para>As an alternative to listing the directory containing all the source files, you can list the source files individually. This may be required if two components take different source files out of the same directory. It does make the <file>.mrp</file> file harder to maintain though and is not recommended in the first instance.
</para><para>The following example shows the syntax for listing all source files:</para><code-block>
source \app-framework\viewsrv\group\bld.inf
source \app-framework\viewsrv\group\viewsrv.mmp
source \app-framework\viewsrv\include\wsdef.h
source \app-framework\viewsrv\source\xxx.cpp etc…
</code-block></section><section><heading>Listing all binary files</heading><para>In conjunction with instructing the "<code>abld target -what</code>" command to list all the binary files when releasing the component, you may need to list some of the binary files individually. This may be required in situations where the "<code>abld target -what</code>" command does not list all the files that are being built (for example, the build file <file>gt_&lt;build_number&gt;.txt</file> is not listed).</para><para>The following example shows the syntax for listing all binaries:</para><code-block>binary \epoc32\include\&lt;component_name&gt;def.h
binary \epoc32\release\thumb\urel\&lt;component_name&gt;.dll
binary \epoc32\release\thumb\urel\&lt;component_name&gt;.lib
binary \epoc32\release\ lots more \ lots more \ lots more
</code-block></section><section><heading>Excluding binaries</heading><para>If, for some reason, you need to exclude certain binaries from the component, but you have used the "<code>group all</code>" command that includes all binaries,  you can add the following line to the <file>.mrp</file> file:</para><code-block>- binary \epoc32\release\wins\udeb\viewsrv.dll
</code-block><para>
       	</para><para>This will exclude a specific binary file from the component.
</para></section><section><heading>Including / excluding individual export files</heading><para>In the vast majority of cases, the existing exports command will have covered all the export files. There may be some exceptions involving components whose "<code>abld export -what</code>"  command does not report all copied files. For example, components which contain pre-built binary files in the source tree and are built by exporting these files to the binary file.</para><code-block>export_file &lt;source_export_file&gt; &lt;destination&gt;</code-block><para>On the other hand, if you need to exclude certain export files from the component, but you have used the <code>exports</code> command that includes all export files, you can add the following line to the <file>.mrp</file> file:</para><code-block>-export_file &lt;source_export_file&gt; &lt;destination&gt;</code-block></section><section><heading>Detecting changes</heading><para>The major advantage to instructing the "<code>abld target -what</code>" command to list all binaries, is that any changes to <file>bld.inf</file> and <file>.mmp</file> files will be detected automatically. This means that it is easier for you to maintain the <file>.mrp</file> file.</para><para>These are the changes that are detected from <file>bld.inf</file> and <file>.mmp</file> files.</para><para><file>bld.inf</file>:
</para><list><ls.item><para>	Addition / removal of exports</para></ls.item><ls.item><para>Addition / removal of platforms</para></ls.item><ls.item><para>Addition / removal of <file>.mmp</file> files.
</para></ls.item></list><para><file>.mmp</file>:
</para><list><ls.item><para>	Addition / removal of built files.

</para></ls.item></list></section><section> 
	  <heading>See also</heading> 
	  <list><ls.item><para><xref target="CBRDefining.guide">Defining your components</xref>
		</para></ls.item><ls.item><para><xref target="MRPCreating.guide">Creating a typical MRP file</xref></para></ls.item><ls.item><para><xref target="MRPTesting.guide">Fixing problems with MRP files</xref>			
		</para></ls.item></list> 
	</section></section></general-guide-doc>
